[
{
"id":1,
"name":"Aman",
"date":"Thu Oct 15 2020 16:25:06 GMT+0530 (India Standard Time)",
"medicine":["Aminophylline: 100 mg","Vit C: 500 mg"],
"amount": 50,
"email":"aman@gmail.com"
},{
"id":2,
"name":"Raman",
"date":"Wed Oct 14 2020 12:20:20 GMT+0530 (India Standard Time)",
"medicine":["Aspirin: 500 mg","Bacampicillin: 400 mg"],
"amount": 100,
"email":"raman@gmail.com"
},{
"id":3,
"name":"Abhishek",
"date":"Wed Oct 14 2020 11:15:10 GMT+0530 (India Standard Time)",
"medicine":["Riboflavin: 10 mg","Verapamil: 80 mg"],
"amount": 200,
"email":"abhishek@gmail.com"
},{
"id":4,
"name":"Deeksha",
"date":"Tue Oct 13 2020 10:05:36 GMT+0530 (India Standard Time)",
"medicine":["Tetracycline: 250 mg","Captopril: 300 mg"],
"amount": 400,
"email":"deeksha@gmail.com"
},{
"id":5,
"name":"Sneha",
"date":"Tue Oct 13 2020 09:20:22 GMT+0530 (India Standard Time)",
"medicine":["Cefadroxil: 250 mg","Carbamazepine: 500 mg"],
"amount": 250,
"email":"sneha@gmail.com"
},{
"id":6,
"name":"Prachi",
"date":"Wed Oct 14 2020 13:35:02 GMT+0530 (India Standard Time)",
"medicine":["Cefazolin: 125 mg","Chloroquine Phosphate: 500 mg"],
"amount": 500,
"email":"prachi@gmail.com"
},{
"id":7,
"name":"Rishabh",
"date":"Tue Oct 13 2020 8:20:06 GMT+0530 (India Standard Time)",
"medicine":["Ciprofloxacin: 250 mg","Aspirin: 500 mg"],
"amount": 150,
"email":"rishabh@gmail.com"
},{
"id":8,
"name":"Deepak",
"date":"Mon Oct 12 2020 12:05:16 GMT+0530 (India Standard Time)",
"medicine":["Chlorpromazine: 100 mg","Dexamethasone: 1 mg"],
"amount": 300,
"email":"deepak@gmail.com"
},{
"id":9,
"name":"Suraj",
"date":"Mon Oct 12 2020 10:45:06 GMT+0530 (India Standard Time)",
"medicine":["Diosmin: 300 mg","Doxycline: 200 mg"],
"amount": 450,
"email":"suraj@gmail.com"
},{
"id":10,
"name":"Ritika",
"date":"Mon Oct 12 2020 10:15:09 GMT+0530 (India Standard Time)",
"medicine":["Calcium Pantothenate: 200 mg","Erythromycin: 2% w/w"],
"amount": 140,
"email":"ritika@gmail.com"
},{
"id":11,
"name":"Aman",
"date":"Tue Oct 13 2020 9:05:36 GMT+0530 (India Standard Time)",
"medicine":["Tetracycline: 250 mg","Captopril: 300 mg"],
"amount": 400,
"email":"aman@gmail.com"
},{
"id":12,
"name":"Raman",
"date":"Tue Oct 13 2020 10:20:06 GMT+0530 (India Standard Time)",
"medicine":["Ciprofloxacin: 250 mg","Aspirin: 500 mg"],
"amount": 150,
"email":"raman@gmail.com"
},{
"id":13,
"name":"Deeksha",
"date":"Wed Oct 14 2020 12:35:02 GMT+0530 (India Standard Time)",
"medicine":["Cefazolin: 125 mg","Chloroquine Phosphate: 500 mg"],
"amount": 500,
"email":"deeksha@gmail.com"
},{
"id":14,
"name":"Sneha",
"date":"Mon Oct 12 2020 8:15:16 GMT+0530 (India Standard Time)",
"medicine":["Chlorpromazine: 100 mg","Dexamethasone: 1 mg"],
"amount": 300,
"email":"sneha@gmail.com"
},{
"id":15,
"name":"Prachi",
"date":"Mon Oct 12 2020 9:25:56 GMT+0530 (India Standard Time)",
"medicine":["Diosmin: 300 mg","Doxycline: 200 mg"],
"amount": 450,
"email":"prachi@gmail.com"
},{
"id":16,
"name":"Ashish",
"date":"Mon Oct 12 2020 9:25:56 GMT+0530 (India Standard Time)",
"medicine":["Diosmin: 300 mg","Doxycline: 200 mg"],
"amount": 450,
"email":"ashishg00485@gmail.com"
},{
"id":17,
"name":"Ashish",	
"date":"Mon Oct 12 2020 9:25:56 GMT+0530 (India Standard Time)",
"medicine":["Diosmin: 300 mg","Doxycline: 200 mg"],
"amount": 450,
"email":"ashishg00485@gmail.com"
},{
"id":18,
"name":"Ashish",
"date":"Mon Oct 12 2020 9:25:56 GMT+0530 (India Standard Time)",
"medicine":["Diosmin: 300 mg","Doxycline: 200 mg"],
"amount": 450,
"email":"ashishg00485@gmail.com"
}
]