[
{
"name":"Aman",
"email":"aman@gmail.com",
"password":"aman@123"
},{
"name":"Raman",
"email":"raman@gmail.com",
"password":"raman@123"
},{
"name":"Abhishek",
"email":"abhishek@gmail.com",
"password":"abhishek@123"
},{
"name":"Deeksha",
"email":"deeksha@gmail.com",
"password":"deeksha@123"
},{
"name":"Sneha",
"email":"sneha@gmail.com",
"password":"sneha@123"
},{
"name":"Prachi",
"email":"prachi@gmail.com",
"password":"prachi@123"
},{
"name":"Rishabh",
"email":"rishabh@gmail.com",
"password":"rishabh@123"
},{
"name":"Deepak",
"email":"deepak@gmail.com",
"password":"deepak@123"
},{
"name":"Suraj",
"email":"suraj@gmail.com",
"password":"suraj@123"
},{
"name":"Ritika",
"email":"ritika@gmail.com",
"password":"ritika@123"
},{
"name":"Ashish",
"email":"ashishg00485@gmail.com",
"password":"ashish@123"
},{
"name":"Admin",
"email":"admin@gmail.com",
"password":"admin@123"
},{
"name":"Ajay",
"email":"theajaykumargupta455@gmail.com",
"password":"ajay@123"
}
]